ticket_id,subject,body,true_category,true_priority,is_ambiguous
TKT-0001,Add new team member,"Hi, can you add luis@example.com to our Starter workspace as a viewer? No rush, they start next Monday. Thanks!",account_access,low,0
TKT-0002,Remove former employee's access,Hannah left our company last Friday and still has admin access to our workspace. Please deactivate their account. We should have caught this in offboarding - would like it done today for security.,account_access,high,0
TKT-0003,Payment failed but card is fine,My payment for this month failed with 'card declined' but my bank says the card is fine and has funds. I don't want to lose access. Can you retry the charge or let me pay another way?,billing,medium,0
TKT-0004,2FA phone number changed,"I got a new phone number and can no longer receive 2FA codes, so I can't log in. Old number is dead. What's the account recovery process? I can provide ID or billing details to verify.",account_access,high,0
TKT-0005,API returning 0x80070057 intermittently,"About 1 in 20 calls to /v2/reports returns ERR_TIMEOUT since this morning. Our integration retries so nothing is broken yet, but error rate is climbing. Ticket ref from your status page incident?",technical_bug,high,0
TKT-0006,Invoice attached,Please find attached invoice for your recent order. Download the attachment and confirm payment details at your earliest convenience. [attachment: invoice_29381.zip.exe],spam,low,0
TKT-0007,vat number missing from invoices,our finance team needs our vat number on invoices for tax filing. it's set in our profile but doesn't show up on the pdfs. can this be fixed before the june invoice? deadline is end of quarter.,billing,medium,0
TKT-0008,Locked out - too many login attempts,I mistyped my password a few times and now I'm locked out completely. I have a client demo in an hour and all my materials are in the app. Please unlock ASAP. Account email is luis@example.com.,account_access,urgent,0
TKT-0009,Sales promised features that don't exist,Your sales rep told us the Team plan included API access and priority support. After signing an annual contract we find API access is an add-on. This feels like bait and switch. I want someone from your team to call me.,complaint,high,0
TKT-0010,payment failed but card is fine,my payment for this month failed with 'card declined' but my bank says the card is fine and has funds. i don't want to lose access. can you retry the charge or let me pay another way?,billing,medium,0
TKT-0011,BULK EDIT WOULD BE HUGE FOR US,"We manage ~2,000 records and editing them one at a time is painful. Bulk edit (select multiple, change a field) would genuinely change how useful the product is for us. We'd upgrade to Pro for this.",feature_request,medium,0
TKT-0012,Upgrade pricing question,"Hi there, we're thinking of moving from Enterprise to Enterprise. Does the price change mid-cycle get prorated? Also is there a discount for annual billing? Thanks, Raj",billing,low,0
TKT-0013,Upgrade pricing question,"Hi there, we're thinking of moving from Starter to Enterprise. Does the price change mid-cycle get prorated? Also is there a discount for annual billing? Thanks, Emily",billing,low,0
TKT-0014,partnership opportunity,"hello, i represent a network of premium influencers who can promote your product to 5m+ followers. this is a limited opportunity. please share your whatsapp number to discuss collaboration terms.",spam,low,0
TKT-0015,RE: YOUR INQUIRY,"Good day, I am reaching out concerning an unclaimed fund of $4.7M belonging to a deceased client who shares your surname. I need a trustworthy foreign partner to facilitate the transfer. Strictly confidential.",spam,low,0
TKT-0016,Extremely disappointed with support response time,I raised a ticket 6 days ago about a billing error and have heard nothing except the auto-reply. For $120/month I expect better. If I don't hear back this week I'm moving to a competitor and posting my experience on G2.,complaint,high,0
TKT-0017,Request: scheduled exports,It would save us a lot of time if the export tool could email us a CSV export every Monday morning automatically. Right now someone does this manually every week. Is this on the roadmap?,feature_request,low,0
TKT-0018,Cancel my subscription,"Please cancel my Enterprise subscription effective immediately. The product is fine, we just no longer need it after our project ended. Confirm when done. Ines",billing,medium,0
TKT-0019,Downtime is unacceptable,This is the third outage this month. Each time your status page says 'investigating' for hours. We run client work on this platform and it's embarrassing. What is actually being done about reliability?,complaint,high,0
TKT-0020,Product keeps getting worse,Every update moves things around and removes features I use. The new export tool redesign buried the export button three menus deep. Who is testing these changes with actual users? Genuinely frustrated after 3 years as a customer.,complaint,medium,0
TKT-0021,Charged twice this month,"Hi, I just checked my statement and I was charged $1,188 twice on the same day for my Pro subscription. Can you refund the duplicate charge? Invoice numbers are INV-22280 and INV-38657.",billing,high,0
TKT-0022,Question about invoice,"Hello, can you explain the line item 'usage overage' on invoice INV-22363? It's $299 and I don't understand what it covers. Not urgent, just want to understand my bill.",billing,low,0
TKT-0023,Search returns no results for exact matches,"Searching for a record by its exact name in report builder returns nothing, but I can find the same record by browsing. Reproducible for several records. Chrome, Starter plan.",technical_bug,medium,0
TKT-0024,product keeps getting worse,every update moves things around and removes features i use. the new export tool redesign buried the export button three menus deep. who is testing these changes with actual users? genuinely frustrated after 3 years as a customer.,complaint,medium,0
TKT-0025,can't change my email address,"i'm trying to change my account email from my old work address to my new one but the save button does nothing. no error, just nothing happens. chrome. not urgent yet but my old address expires end of april.",account_access,medium,0
TKT-0026,2FA phone number changed,"I got a new phone number and can no longer receive 2FA codes, so I can't log in. Old number is dead. What's the account recovery process? I can provide ID or billing details to verify.",account_access,high,0
TKT-0027,refund request - cancelled in may,"i cancelled my subscription in april but i'm still being billed $1,188 every month. this is the third time i've contacted you about this. please refund the charges since cancellation.",billing,high,0
TKT-0028,API returning ERR_TIMEOUT intermittently,"About 1 in 20 calls to /v2/reports returns 500 since this morning. Our integration retries so nothing is broken yet, but error rate is climbing. Ticket ref from your status page incident?",technical_bug,high,0
TKT-0029,Page freezes on load,"The billing page freezes for about 30 seconds every time I open it, then works normally. Console shows error ERR_TIMEOUT. I'm on Edge, happens on two different machines. Annoying but I can work around it.",technical_bug,medium,0
TKT-0030,feature request: dark mode,any plans for a dark mode? i use the dashboard for hours every day and the white background is rough in the evenings. would happily beta test.,feature_request,low,0
TKT-0031,Keyboard shortcuts,"Power user request - keyboard shortcuts for common actions in the export tool (save, new record, search). Even just a handful would speed up daily work a lot.",feature_request,low,0
TKT-0032,You've been selected!!!,CONGRATULATIONS! Your company has been selected for our exclusive business directory. Claim you FREE listing now (worth $499). Click here before the offer expires in 24 hours.,spam,low,0
TKT-0033,Data discrepancy between dashboard and export,The totals shown in the API don't match the CSV export - the export shows $49.99 more revenue for February. One of them must be wrong and we use these numbers for board reporting. Which is correct?,technical_bug,high,0
TKT-0034,Unhappy with recent price increase,"A 40% price increase with one month's notice is not okay. I understand costs rise but this is steep and sudden, and grandfatehring existing customers for a year would have been the fair move. Reconsidering our renewal in May.",complaint,medium,0
TKT-0035,Charged after free trial - want refund,I signed up for the free trial and forgot to cancel. I was just charged $49.99. I haven't used the product at all since the trial ended - can I get a refund? I know it's my fault but hoping you can help.,billing,medium,0
TKT-0036,Partnership opportunity,"Hello, I represent a network of premium influencers who can promote your product to 5M+ followers. This is a limited opportunity. Please share your WhatsApp number to discuss collaboration terms.",spam,low,0
TKT-0037,Bulk edit would be huge for us,"We manage ~2,000 records and editing them one at a time is painful. Bulk edit (select multiple, change a field) would genuinely change how useful the product is for us. We'd upgrade to Team for this.",feature_request,medium,0
TKT-0038,API returning 403 intermittently,"About 1 in 20 calls to /v2/reports returns 0x80070057 since this morning. Our integration retries so nothing is broken yet, but error rate is climbing. Ticket ref from your status page incident?",technical_bug,high,0
TKT-0039,Password reset email never arrives,I've requested a password reset four times and the email never arrives. Checked spam. Other emails from you arrive fine. Can you reset it manually or check if my address is blocked?,account_access,high,0
TKT-0040,Do you have an office in Toronto,"Doing a story on Canadian SaaS companies, wondering if someone from your team is available for a quick interview this week. Deadline Thursday.",spam,low,1
TKT-0041,it doesnt work,nothing works. fix it.,technical_bug,medium,1
TKT-0042,typo in confirmation email,"tiny thing - the confirmation email says 'thank you for you purchase' (should be 'your'). not a real problem, just thought you'd want to know since it looks unprofessional.",technical_bug,low,0
TKT-0043,Charts render blank in Firefox,"All charts on the API render as blank white boxes in Edge. They work in Firefox. No error message shown. Cleared cache already, no change.",technical_bug,medium,0
TKT-0044,SSO login loop,"Since this morning, logging in via Google SSO just redirects back to the login page in a loop. Regular password login works, so I'm not blocked, but half our team only has SSO set up.",account_access,high,0
TKT-0045,Extremely disappointed with support response time,"I raised a ticket 6 days ago about a billing error and have heard nothing except the auto-reply. For $1,188/month I expect better. If I don't hear back this week I'm moving to a competitor and posting my experience on G2.",complaint,high,0
TKT-0046,Charts render blank in Edge,"All charts on the dashboard render as blank white boxes in Chrome. They work in Safari. No error message shown. Cleared cache already, no change.",technical_bug,medium,0
TKT-0047,VAT number missing from invoices,Our finance team needs our VAT number on invoices for tax filing. It's set in our profile but doesn't show up on the PDFs. Can this be fixed before the June invoice? Deadline is end of quarter.,billing,medium,0
TKT-0048,Search returns no results for exact matches,"Searching for a record by its exact name in billing page returns nothing, but I can find the same record by browsing. Reproducible for several records. Edge, Starter plan.",technical_bug,medium,0
TKT-0049,SSO login loop,"Since this morning, logging in via Google SSO just redirects back to the login page in a loop. Regular password login works, so I'm not blocked, but half our team only has SSO set up.",account_access,high,0
TKT-0050,Feature request: dark mode,Any plans for a dark mode? I use the report builder for hours every day and the white background is rough in the evenings. Would happily beta test.,feature_request,low,0
TKT-0051,Upgrade pricing question,"Hi there, we're thinking of moving from Team to Enterprise. Does the price change mid-cycle get prorated? Also is there a discount for annual billing? Thanks, Tunde",billing,low,0
TKT-0052,Grow your business 10x with our SEO services,"Dear business owner, we noticed your website is not ranking on Google page 1. Our award-winning SEO experts can help you dominate search results. Limited time offer - reply now for a free audit!!!",spam,low,0
TKT-0053,request: scheduled exports,it would save us a lot of time if the report builder could email us a csv export every monday morning automatically. right now someone does this manually every week. is this on the roadmap?,feature_request,low,0
TKT-0054,Re: your inquiry,"Good day, I am reaching out concerning an unclaimed fund of $4.7M belonging to a deceased client who shares your surname. I need a trustworthy foreign partner to facilitate the transfer. Strictly confidential.",spam,low,0
TKT-0055,SSO login loop,"Since this morning, logging in via Google SSO just redirects back to the login page in a loop. Regular password login works, so I'm not blocked, but half our team only has SSO set up.",account_access,high,0
TKT-0056,Remove former employee's access,Priya left our company last Friday and still has admin access to our workspace. Please deactivate tehir acount. We should have caught this in offboarding - would like it done today for security.,account_access,high,0
TKT-0057,Charged twice this month,"Hi, I just checked my statement and I was charged $120 twice on the same day for my Enterprise subscription. Can you refund the duplicate charge? Invoice numbers are INV-22676 and INV-57052.",billing,high,0
TKT-0058,Export produces corrupted file,"When I export from the notifications the downloaded file won't open. Excel says it's corrupted. Tried in Chrome and Firefox, same result. Started happening after yesterday's update I think.",technical_bug,high,0
TKT-0059,2FA PHONE NUMBER CHANGED,"I got a new phone number and can no longer receive 2FA codes, so I can't log in. Old number is dead. What's the account recovery process? I can provide ID or billing details to verify.",account_access,high,0
TKT-0060,Product keeps getting worse,Every update moves things around and removes features I use. The new admin console redesign buried the export button three menus deep. Who is testing these changes with actual users? Genuinely frustrated after 3 years as a customer.,complaint,medium,0
TKT-0061,URGENT!!!,I need help immediately. Please call me at 555-0142. It's about my account.,account_access,medium,1
TKT-0062,Extremely disappointed with support response time,I raised a ticket 6 days ago about a billing error and have heard nothing except the auto-reply. For $49.99/month I expect better. If I don't hear back this week I'm moving to a competitor and posting my experience on G2.,complaint,high,0
TKT-0063,Password reset email never arrives,I've requested a password reset four times and the email never arrives. Checked spam. Other emails from you arrive fine. Can you reset it manually or check if my address is blocked?,account_access,high,0
TKT-0064,INTEGRATION WITH QUICKBOOKS?,"Our accountant asked if you integrate with QuickBooks. I see Xero on your integrations page but not QuickBooks. If it exists, where? If not, consider this a vote for it.",feature_request,low,0
TKT-0065,Locked out - too many login attempts,I mistyped my password a few times and now I'm locked out completely. I have a client demo in an hour and all my materials are in the app. Please unlock ASAP. Account email is luis@example.com.,account_access,urgent,0
TKT-0066,Can't change my email address,"I'm trying to change my account email from my old work address to my new one but the save button does nothing. No error, just nothing happens. Edge. Not urgent yet but my old address expires end of January.",account_access,medium,0
TKT-0067,password,i think someone has my password. weird logins in the activity page from another country. what do i do,account_access,urgent,1
TKT-0068,Re: your inquiry,"Good day, I am reaching out concerning an unclaimed fund of $4.7M belonging to a deceased client who shares your surname. I need a trustworthy foreign partner to facilitate the transfer. Strictly confidential.",spam,low,0
TKT-0069,Locked out - too many login attempts,I mistyped my password a few times and now I'm locked out completely. I have a client demo in an hour and all my materials are in the app. Please unlock ASAP. Account email is raj@example.com.,account_access,urgent,0
TKT-0070,Refund request - cancelled in February,"I cancelled my subscription in June but I'm still being billed $1,188 every month. This is the third time I've contacted you about this. Please refund the charges since cancellation.",billing,high,0
TKT-0071,Feature request: dark mode,Any plans for a dark mode? I use the admin console for hours every day and the white background is rough in the evenings. Would happily beta test.,feature_request,low,0
TKT-0072,Invoice attached,Please find attached invoice for your recent order. Download the attachment and confirm payment details at your earliest convenience. [attachment: invoice_29381.zip.exe],spam,low,0
TKT-0073,bulk edit would be huge for us,"we manage ~2,000 records and editing them one at a time is painful. bulk edit (select multiple, change a field) would genuinely change how useful the product is for us. we'd upgrade to enterprise for this.",feature_request,medium,0
TKT-0074,Product keeps getting worse,Every update moves things around and removes features I use. The new billing page redesign buried the export button three menus deep. Who is testing these changes with actual users? Genuinely frustrated after 3 years as a customer.,complaint,medium,0
TKT-0075,downtime is unacceptable,this is the third outage this month. each time your status page says 'investigating' for hours. we run client work on this platform and it's embarrassing. what is actually being done about reliability?,complaint,high,0
TKT-0076,add new team member,"hi, can you add zoe@example.com to our team workspace as a viewer? no rush, they start next monday. thanks!",account_access,low,0
TKT-0077,Cancel my subscription,"Please cancel my Team subscription effective immediately. The product is fine, we just no longer need it after our project ended. Confirm when done. Diego",billing,medium,0
TKT-0078,question about invoice,"hello, can you explain the line item 'usage overage' on invoice inv-61173? it's $299 and i don't understand what it covers. not urgent, just want to understand my bill.",billing,low,0
TKT-0079,Unhappy with recent price increase,"A 40% price increase with one month's notice is not okay. I understand costs rise but this is steep and sudden, and grandfathering existing customers for a year would have been the fair move. Reconsidering our renewal in February.",complaint,medium,0
TKT-0080,Data discrepancy between export tool and export,The totals shown in the integrations page don't match the CSV export - the export shows $49.99 more revenue for March. One of them must be wrong and we use these numbers for board reporting. Which is correct?,technical_bug,high,0
TKT-0081,Request: scheduled exports,It would save us a lot of time if the notifications could email us a CSV export every Monday morning automatically. Right now someone does this manually every week. Is this on the roadmap?,feature_request,low,0
TKT-0082,Page freezes on load,"The notifications freezes for about 30 seconds every time I open it, then works normally. Console shows error ERR_TIMEOUT. I'm on Firefox, happens on two different machines. Annoying but I can work around it.",technical_bug,medium,0
TKT-0083,API returning CSV_PARSE_FAIL intermittently,"About 1 in 20 calls to /v2/reports returns 500 since this morning. Our integration retries so nothing is broken yet, but error rate is climbing. Ticket ref from your status page incident?",technical_bug,high,0
TKT-0084,can't change my email address,"i'm trying to change my account email from my old work address to my new one but the save button does nothing. no error, just nothing happens. firefox. not urgent yet but my old address expires end of february.",account_access,medium,0
TKT-0085,You've been selected!!!,CONGRATULATIONS! Your company has been selected for our exclusive business directory. Claim your FREE listing now (worth $499). Click here before the offer expires in 24 hours.,spam,low,0
TKT-0086,Charged after free trial - want refund,"I signed up for the free trial and forgot to cancel. I was just charged $1,188. I haven't used the product at all since the trial ended - can I get a refund? I know it's my fault but hoping you can help.",billing,medium,0
TKT-0087,Upgrade pricing question,"Hi there, we're thinking of moving from Starter to Enterprise. Does the price change mid-cycle get prorated? Also is there a discount for annual billing? Thanks, Diego",billing,low,0
TKT-0088,Grow your business 10x with our SEO services,"Dear business owner, we noticed your website is not ranking on Google page 1. Our award-winning SEO experts can help you dominate search results. Limited time offer - reply now for a free audit!!!",spam,low,0
TKT-0089,Grow your business 10x with our SEO services,"Dear business owner, we noticed your website is not ranking on Google page 1. Our award-winning SEO experts can help you dominate search results. Limited time offer - reply now for a free audit!!!",spam,low,0
TKT-0090,Sales promised features that don't exist,Your sales rep told us the Enterprise plan included API access and priority support. After signing an annual contract we find API access is an add-on. This feels like bait and switch. I want someone from your team to call me.,complaint,high,0
TKT-0091,Export produces corrupted file,"When I export from the dashboard the downloaded file won't open. Excel says it's corrupted. Tried in Chrome and Safari, same result. Started happening after yesterday's update I think.",technical_bug,high,0
TKT-0092,Wrong plan showing,"My account says Starter but I pay for Pro. Also, since when is there an ads banner? If I'm on the wrong plan that explains the missing features I reported last month that you closed as 'works as intended'.",billing,high,1
TKT-0093,Page freezes on load,"The export tool freezes for about 30 seconds every time I open it, then works normally. Console shows error 403. I'm on Safari, happens on two different machines. Annoying but I can work around it.",technical_bug,medium,0
TKT-0094,CHARGED TWICE THIS MONTH,"Hi, I just checked my statement and I was charged $120 twice on the same day for my Team subscription. Can you refund the duplicate charge? Invoice numbers are INV-59823 and INV-46434.",billing,high,0
TKT-0095,Charts render blank in Chrome,"All charts on the report builder render as blank white boxes in Chrome. They work in Safari. No error message shown. Cleared cache already, no change.",technical_bug,medium,0
TKT-0096,EXPORT TOOL DOWN - ERROR CSV_PARSE_FAIL,"The export tool has been returning error 502 for the last two hours. Our whole team is blocked, we can't get anything out to our client. This is affecting a live deliverable due today. Please escalate.",technical_bug,urgent,0
TKT-0097,Login problem after invoice,Ever since I disputed the last invoice I can't log in. Did you suspend my account over the dispute?? The charge was wrong in the first place. I need access restored and the billing issue fixed.,account_access,high,1
TKT-0098,Feature request: dark mode,Any plans for a dark mode? I use the mobile app for hours every day and the white background is rough in the evenings. Would happily beta test.,feature_request,low,0
TKT-0099,REFUND REQUEST - CANCELLED IN FEBRUARY,I cancelled my subscription in January but I'm still being billed $29 every month. This is the third time I've contacted you about this. Please refund the charges since cancellation.,billing,high,0
TKT-0100,Feedback,"The product is mostly fine I guess. The export thing could be better. Also you charged me on the wrong date this month but whatever, just letting you know.",billing,low,1
TKT-0101,Integration with QuickBooks?,"Our acountant asked if you integrate with QuickBooks. I see Xero on your integrations page but not QuickBooks. If it exists, where? If not, consider this a vote for it.",feature_request,low,0
TKT-0102,Cancel,cancel,billing,medium,1
TKT-0103,Typo in confirmation email,"Tiny thing - the confirmation email says 'Thank you for you purchase' (should be 'your'). Not a real problem, just thought you'd want to know since it looks unprofessional.",technical_bug,low,0
TKT-0104,Export to PDF with our branding,"Clients receive the reports we export, and they currently have your logo on them. White-label or custom-branding on PDF exports would let us present these as our own deliverables. Happy to pay extra for it.",feature_request,medium,0
TKT-0105,Keyboard shortcuts,"Power user request - keyboard shortcuts for common actions in the mobile app (save, new record, search). Even just a handful would speed up daily work a lot.",feature_request,low,0
TKT-0106,CAN'T CHANGE MY EMAIL ADDRESS,"I'm trying to change my account email from my old work address to my new one but the save button does nothing. No error, just nothing happens. Firefox. Not urgent yet but my old address expires end of May.",account_access,medium,0
TKT-0107,SSO login loop,"Since this morning, logging in via Google SSO just redirects back to the login page in a loop. Regular password login works, so I'm not blocked, but half our team only has SSO set up.",account_access,high,0
TKT-0108,Export to PDF with our branding,"Clients receive the reports we export, and they currently have your logo on them. White-label or custom-branding on PDF exports would let us present these as our own deliverables. Happy to pay extra for it.",feature_request,medium,0
TKT-0109,Remove former employee's access,Raj left our company last Friday and still has admin access to our workspace. Please deactivate tehir account. We should have caught this in offboarding - would like it done today for security.,account_access,high,0
TKT-0110,Payment failed but card is fine,My payment for this month failed with 'card declined' but my bank says the card is fine and has funds. I don't want to lose access. Can you retry the charge or let me pay another way?,billing,medium,0
TKT-0111,Invoice attached,Please find attached invoice for your recent order. Download the attachment and confirm payment details at your earliest convenience. [attachment: invoice_29381.zip.exe],spam,low,0
TKT-0112,report builder down - error CSV_PARSE_FAIL,"The report builder has been returning error 500 for the last two hours. Our whole team is blocked, we can't get anything out to our client. This is affecting a live deliverable due today. Please escalate.",technical_bug,urgent,0
TKT-0113,Slow,everything is slow today. is it me or you?,technical_bug,medium,1
TKT-0114,Refund request - cancelled in February,I cancelled my subscription in April but I'm still being billed $299 every month. This is teh third time I've contacted you about this. Please refund the charges since cancellation.,billing,high,0
TKT-0115,SEARCH RETURNS NO RESULTS FOR EXACT MATCHES,"Searching for a record by its exact name in report builder returns nothing, but I can find the same record by browsing. Reproducible for several records. Firefox, Pro plan.",technical_bug,medium,0
TKT-0116,Remove former employee's access,Zoe left our company last Friday and still has admin access to our workspace. Please deactivate their account. We should have caught this in offboarding - would like it done today for security.,account_access,high,0
TKT-0117,sales promised features that don't exist,your sales rep told us the team plan included api access and priority support. after signing an annual contract we find api access is an add-on. this feels like bait and switch. i want someone from your team to call me.,complaint,high,0
TKT-0118,Search returns no results for exact matches,"Searching for a record by its exact name in report builder returns nothing, but I can find the same record by browsing. Reproducible for several records. Safari, Team plan.",technical_bug,medium,0
TKT-0119,You've been selected!!!,CONGRATULATIONS! Your company has been selected for our exclusive business directory. Claim you FREE listing now (worth $499). Click here before the offer expires in 24 hours.,spam,low,0
TKT-0120,Question,"Hi, I emailed last week about the thing we discussed on the call. Any update? This is becoming urgent for us.",complaint,medium,1
TKT-0121,integrations page down - error CSV_PARSE_FAIL,"The integrations page has been returning error CSV_PARSE_FAIL for the last two hours. Our whole team is blocked, we can't get anything out to our client. This is affecting a live deliverable due today. Please escalate.",technical_bug,urgent,0
TKT-0122,Data discrepancy between search and export,The totals shown in the dashboard don't match the CSV export - the export shows $79 more revenue for May. One of them must be wrong and we use these numbers for board reporting. Which is correct?,technical_bug,high,0
TKT-0123,Sales promised features that don't exist,Your sales rep told us the Pro plan included API access and priority support. After signing an annual contract we find API access is an add-on. This feels like bait and switch. I want someone from your team to call me.,complaint,high,0
TKT-0124,Your app deleted my data,I spent all day entering records and now they're GONE. Either your app has a catastrophic bug or my account was accessed by someone else. Fix this NOW or I'm done. I want my data back and an explanation.,technical_bug,urgent,1
TKT-0125,Export to PDF with our branding,"Clients receive the reports we export, and they currently have your logo on them. White-label or custom-branding on PDF exports would let us present these as our own deliverables. Happy to pay extra for it.",feature_request,medium,0
TKT-0126,Password reset email never arrives,I've requested a password reset four times and the email never arrives. Checked spam. Other emails from you arrive fine. Can you reset it manually or check if my address is blocked?,account_access,high,0
TKT-0127,Re: your inquiry,"Good day, I am reaching out concerning an unclaimed fund of $4.7M belonging to a deceased client who shares your surname. I need a trustworthy foreign partner to facilitate the transfer. Strictly confidential.",spam,low,0
TKT-0128,2FA phone number changed,"I got a new phone number and can no longer receive 2FA codes, so I can't log in. Old number is dead. What's the account recovery process? I can provide ID or billing details to verify.",account_access,high,0
TKT-0129,Downtime is unacceptable,This is the third outage this month. Each time your status page says 'investigating' for hours. We run client work on this platform and it's embarrassing. What is actually being done about reliability?,complaint,high,0
TKT-0130,cancel my subscription,"please cancel my starter subscription effective immediately. the product is fine, we just no longer need it after our project ended. confirm when done. sarah",billing,medium,0
TKT-0131,Cancel my subscription,"Please cancel my Enterprise subscription effective immediately. The product is fine, we just no longer need it after our project ended. Confirm when done. Raj",billing,medium,0
TKT-0132,Invoice attached,Please find attached invoice for your recent order. Download the attachment and confirm payment details at your earliest convenience. [attachment: invoice_29381.zip.exe],spam,low,0
TKT-0133,Export produces corrupted file,"When I export from the report builder the downloaded file won't open. Excel says it's corrupted. Tried in Safari and Edge, same result. Started happening after yesterday's update I think.",technical_bug,high,0
TKT-0134,Integration with QuickBooks?,"Our accountant asked if you integrate with QuickBooks. I see Xero on your integrations page but not QuickBooks. If it exists, where? If not, consider this a vote for it.",feature_request,low,0
TKT-0135,charged after free trial - want refund,i signed up for the free trial and forgot to cancel. i was just charged $29. i haven't used the product at all since the trial ended - can i get a refund? i know it's my fault but hoping you can help.,billing,medium,0
TKT-0136,Integration with QuickBooks?,"Our accountant asked if you integrate with QuickBooks. I see Xero on your integrations page but not QuickBooks. If it exists, where? If not, consider this a vote for it.",feature_request,low,0
TKT-0137,Grow your business 10x with our SEO services,"Dear business owner, we noticed your website is not ranking on Google page 1. Our award-winning SEO experts can help you dominate search results. Limited time offer - reply now for a free audit!!!",spam,low,0
TKT-0138,charged twice this month,"hi, i just checked my statement and i was charged $49.99 twice on the same day for my team subscription. can you refund the duplicate charge? invoice numbers are inv-38785 and inv-99733.",billing,high,0
TKT-0139,Extremely disappointed with support response time,I raised a ticket 6 days ago about a billing error and have heard nothing except the auto-reply. For $299/month I expect better. If I don't hear back this week I'm moving to a competitor and posting my experience on G2.,complaint,high,0
TKT-0140,Unhappy with recent price increase,"A 40% price increase with one month's notice is not okay. I understand costs rise but this is steep and sudden, and grandfathering existing customers for a year would have been the fair move. Reconsidering our renewal in February.",complaint,medium,0
TKT-0141,Password reset email never arrives,I've requested a password reset four times and the email never arrives. Checked spam. Other emails from you arrive fine. Can you reset it manually or check if my address is blocked?,account_access,high,0
TKT-0142,Add new team member,"Hi, can you add tom@example.com to our Team workspace as a viewer? No rush, they start next Monday. Thanks!",account_access,low,0
TKT-0143,Partnership opportunity,"Hello, I represent a network of premium influencers who can promote your product to 5M+ followers. This is a limited opportunity. Please share your WhatsApp number to discuss collaboration terms.",spam,low,0
TKT-0144,Invoice and a demo,Two things: our January invoice hasn't arrived and finance is chasing me. And can someone demo the new API to our dev team? Trying to decide if we build the integration this quarter.,billing,medium,1
TKT-0145,Partnership opportunity,"Hello, I represent a network of premium influencers who can promote you product to 5M+ followers. This is a limited opportunity. Please share your WhatsApp number to discuss collaboration terms.",spam,low,0
TKT-0146,Request: scheduled exports,It would save us a lot of time if the export tool could email us a CSV export every Monday morning automatically. Right now someone does this manually every week. Is this on the roadmap?,feature_request,low,0
TKT-0147,VAT NUMBER MISSING FROM INVOICES,Our finance team needs our VAT number on invoices for tax filing. It's set in our profile but doesn't show up on the PDFs. Can this be fixed before the April invoice? Deadline is end of quarter.,billing,medium,0
TKT-0148,Payment failed but card is fine,My payment for this month failed with 'card declined' but my bank says the card is fine and has funds. I don't want to lose access. Can you retry the charge or let me pay another way?,billing,medium,0
TKT-0149,Add new team member,"Hi, can you add priya@example.com to our Starter workspace as a viewer? No rush, they start next Monday. Thanks!",account_access,low,0
TKT-0150,Locked out - too many login attempts,I mistyped my password a few times and now I'm locked out completely. I have a client demo in an hour and all my materials are in the app. Please unlock ASAP. Account email is diego@example.com.,account_access,urgent,0
TKT-0151,hey,hey is this the right place to ask about getting our data out before we leave? also who do I talk to about the contract,billing,medium,1
TKT-0152,Typo in confirmation email,"Tiny thing - the confirmation email says 'Thank you for you purchase' (should be 'you'). Not a real problem, just thought you'd want to know since it looks unprofessional.",technical_bug,low,0
TKT-0153,keyboard shortcuts,"power user request - keyboard shortcuts for common actions in the report builder (save, new record, search). even just a handful would speed up daily work a lot.",feature_request,low,0
TKT-0154,VAT number missing from invoices,Our finance team needs our VAT number on invoices for tax filing. It's set in our profile but doesn't show up on the PDFs. Can this be fixed before the June invoice? Deadline is end of quarter.,billing,medium,0
TKT-0155,Keyboard shortcuts,"Power user request - keyboard shortcuts for common actions in the mobile app (save, new record, search). Even just a handful would speed up daily work a lot.",feature_request,low,0
TKT-0156,Question about invoice,"Hello, can you explain the line item 'usage overage' on invoice INV-34050? It's $29 and I don't understand what it covers. Not urgent, just want to understand my bill.",billing,low,0
TKT-0157,billing page down - error 403,"The integrations page has been returning error ERR_TIMEOUT for the last two hours. Our whole team is blocked, we can't get anything out to our client. This is affecting a live deliverable due today. Please escalate.",technical_bug,urgent,0
TKT-0158,Typo in confirmation email,"Tiny thing - the confirmation email says 'Thank you for you purchase' (should be 'your'). Not a real problem, just thought you'd want to know since it looks unprofessional.",technical_bug,low,0
TKT-0159,Data discrepancy between admin console and export,The totals shown in the billing page don't match the CSV export - the export shows $49.99 more revenue for June. One of them must be wrong and we use these numbers for board reporting. Which is correct?,technical_bug,high,0
TKT-0160,PAGE FREEZES ON LOAD,"The notifications freezes for about 30 seconds every time I open it, then works normally. Console shows error ERR_TIMEOUT. I'm on Safari, happens on two different machines. Annoying but I can work around it.",technical_bug,medium,0
TKT-0161,Charts render blank in Firefox,"All charts on the admin console render as blank white boxes in Edge. They work in Safari. No error message shown. Cleared cache already, no change.",technical_bug,medium,0
TKT-0162,Export to PDF with our branding,"Clients receive the reports we export, and they currently have your logo on them. White-label or custom-branding on PDF exports would let us present these as our own deliverables. Happy to pay extra for it.",feature_request,medium,0
TKT-0163,Charged after free trial - want refund,"I signed up for the free trial and forgot to cancel. I was just charged $1,188. I haven't used the product at all since the trial ended - can I get a refund? I know it's my fault but hoping you can help.",billing,medium,0
TKT-0164,Export produces corrupted file,"When I export from the report builder the downloaded file won't open. Excel says it's corrupted. Tried in Safari and Chrome, same result. Started happening after yesterday's update I think.",technical_bug,high,0
TKT-0165,Billing bug?,"The billing page shows my next charge as $49.99 but my plan is supposed to be $1,188. Is this a display bug or am I actually being overcharged? If it's real money I need this fixed before the charge goes through Friday.",billing,high,1
TKT-0166,Suggestion + problem,"Love the new dashboard! One thing - since the update my saved filters are gone. Not sure if that's a bug or the feature was removed. If removed, please bring it back, it was the main thing I used.",technical_bug,medium,1
TKT-0167,Unhappy with recent price increase,"A 40% price increase with one month's notice is not okay. I understand costs rise but this is steep and sudden, and grandfathering existing customers for a year would have been the fair move. Reconsidering our renewal in June.",complaint,medium,0
TKT-0168,You've been selected!!!,CONGRATULATIONS! Your company has been selected for our exclusive business directory. Claim your FREE listing now (worth $499). Click here before the offer expires in 24 hours.,spam,low,0
TKT-0169,Downtime is unacceptable,This is the third outage this month. Each time your status page says 'investigating' for hours. We run client work on this platform and it's embarrassing. What is actually being done about reliability?,complaint,high,0
TKT-0170,Question about invoice,"Hello, can you explain the line item 'usage overage' on invoice INV-38864? It's $79 and I don't understand what it covers. Not urgent, just want to understand my bill.",billing,low,0
TKT-0171,Bulk edit would be huge for us,"We manage ~2,000 records and editing them one at a time is painful. Bulk edit (select multiple, change a field) would genuinely change how useful the product is for us. We'd upgrade to Pro for this.",feature_request,medium,0
